Title,Blog Link
Machine Learning Algorithms,https://www.analyticsvidhya.com/blog/2022/01/machine-learning-algorithms/
10 Best Data Science Websites to Find Datasets for your Next DS Project,https://www.analyticsvidhya.com/blog/2022/01/10-best-data-science-websites-to-find-datasets-for-your-next-ds-project/
Multiple Time Series Model Using Apache Spark and Facebook Prophet,https://www.analyticsvidhya.com/blog/2022/01/apache-spark-and-facebook-prophet/
Writing Test Cases for Machine Learning systems,https://www.analyticsvidhya.com/blog/2022/01/writing-test-cases-for-machine-learning/
From Word Embedding to Documents Embedding without any Training,https://www.analyticsvidhya.com/blog/2022/01/from-word-embedding-to-documents-embedding-without-any-training/
All You Need to Know about Recommendation Systems,https://www.analyticsvidhya.com/blog/2022/01/all-you-need-to-know-about-recommendation-systems/
Diabetes Prediction Using Machine Learning,https://www.analyticsvidhya.com/blog/2022/01/diabetes-prediction-using-machine-learning/
Classification of Tweets using SpaCy,https://www.analyticsvidhya.com/blog/2022/01/classification-of-tweets-using-spacy/
Google Cloud Platform with ML Pipeline: A Step-to-Step Guide,https://www.analyticsvidhya.com/blog/2022/01/google-cloud-platform/
Complete Guide to Anomaly Detection with AutoEncoders using Tensorflow,https://www.analyticsvidhya.com/blog/2022/01/complete-guide-to-anomaly-detection-with-autoencoders-using-tensorflow/
